tempo;momento;distanza
2H;2973.042647;11
2H;2903.889572;7
2H;2901.3011829999996;16
2H;2603.8534790000003;5
2H;2279.172673;17
2H;2257.3604910000004;13
2H;1681.8489440000003;18
2H;1030.920935;3
2H;822.7997690000002;20
2H;406.1749329999998;9
1H;2969.784258;18
1H;2893.825397;20
1H;2808.711369;32
1H;2601.857534;28
1H;2496.253866;8
1H;1731.314156;30
1H;1479.70571;20
1H;1408.871817;20
1H;773.6537619999999;6
